쇼핑&패션 정보|/mz/community-info/view/877177?p=1|인사일런스 카치온 와이드팬츠 |23.05.10 17:13|0|1|278
쇼핑&패션 정보|/mz/community-info/view/876806?p=1|브랜디드할인 |23.05.09 19:47|0|1|309
쇼핑&패션 정보|/mz/community-info/view/876805?p=1|던스트할인 |23.05.09 19:46|0|1|170
쇼핑&패션 정보|/mz/community-info/view/866308?p=1|Slim Aim Ring 구매후기 |23.04.19 21:30|2|0|156
쇼핑&패션 정보|/mz/community-info/view/860914?p=1|질바이 질스튜어트 레더 미디움 케미백 |23.04.09 23:12|0|0|247
쇼핑&패션 정보|/mz/community-info/view/860912?p=1|질바이질스튜어트 리사이클 나일론 미디움 케미백 |23.04.09 23:10|1|0|165
쇼핑&패션 정보|/mz/community-info/view/860900?p=1|알파인더스트리 문랜딩 l-2b |23.04.09 22:47|0|0|133
쇼핑&패션 정보|/mz/community-info/view/860897?p=1|닥터마틴 1460 8홀 파스칼 프론트 집 블랙 나파 |23.04.09 22:45|0|0|173
쇼핑&패션 정보|/mz/community-info/view/860895?p=1|리 빅 트위치 루즈핏 후드 티셔츠 |23.04.09 22:42|1|0|183
쇼핑&패션 정보|/mz/community-info/view/860893?p=1|코드그라피 (우먼) 넥워머 크롭 에센셜 패딩_크림 |23.04.09 22:41|0|0|123
쇼핑&패션 정보|/mz/community-info/view/860892?p=1|코드그라피 밀리터리 아미 패딩점퍼 |23.04.09 22:39|0|0|109
쇼핑&패션 정보|/mz/community-info/view/860889?p=1|시티브리즈 링클프리 베이직셔츠 |23.04.09 22:37|0|0|186
쇼핑&패션 정보|/mz/community-info/view/860887?p=1|닥터마틴 2976 하이 w.집 |23.04.09 22:35|0|0|175
쇼핑&패션 정보|/mz/community-info/view/860885?p=1|밈더워드로브 크랙레더미니백 무신사 |23.04.09 22:33|0|0|85
쇼핑&패션 정보|/mz/community-info/view/852986?p=1|피치스킨 트윌 자켓 블랙 |23.03.23 09:49|1|2|100
쇼핑&패션 정보|/mz/community-info/view/852985?p=1|와이드 스웨트 조거 팬츠 그레이 |23.03.23 09:47|1|1|195
쇼핑&패션 정보|/mz/community-info/view/852984?p=1|아워 인피니엄 패딩베스트 블랙 |23.03.23 09:45|2|0|124
쇼핑&패션 정보|/mz/community-info/view/852983?p=1|오버사이즈드 3버튼 재킷 IN 블랙 |23.03.23 09:44|1|0|103
쇼핑&패션 정보|/mz/community-info/view/852982?p=1|플리스 카라리스 자켓 블랙 |23.03.23 09:43|1|0|149
쇼핑&패션 정보|/mz/community-info/view/852981?p=1|버핑레더 오버핏 블루종_Black |23.03.23 09:41|1|1|150
쇼핑&패션 정보|/mz/community-info/view/852979?p=1|미시간 울버린 피그먼트 반팔티 블랙 차콜 |23.03.23 09:40|1|0|146
쇼핑&패션 정보|/mz/community-info/view/852977?p=1|90S 트랙 스웨트셔츠_그레이 |23.03.23 09:38|1|0|75
쇼핑&패션 정보|/mz/community-info/view/852974?p=1|컷 헤비 피그먼트 티셔츠-차콜- |23.03.23 09:36|1|0|109
쇼핑&패션 정보|/mz/community-info/view/852970?p=1|캠브리지 세미 오버 블레이저 |23.03.23 09:34|2|0|94
쇼핑&패션 정보|/mz/community-info/view/852887?p=1|헤리티지 블레이저 시리즈 |23.03.22 20:40|1|0|144
쇼핑&패션 정보|/mz/community-info/view/852886?p=1|유스풀 벌룬 후드집업 그레이 SJHD1327 |23.03.22 20:38|2|0|199
쇼핑&패션 정보|/mz/community-info/view/852885?p=1|레이어드 슬리브리스 탑_일반 기장 [화이트] |23.03.22 20:36|2|0|139
쇼핑&패션 정보|/mz/community-info/view/852882?p=1|하이 벤트 레이어드 티셔츠 [WHITE] |23.03.22 20:34|1|0|71
쇼핑&패션 정보|/mz/community-info/view/852881?p=1|에센셜 시그니쳐 반집업 맨투맨_검정 |23.03.22 20:33|1|0|104
쇼핑&패션 정보|/mz/community-info/view/852880?p=1|비건 레더 오버핏 블루종 [블랙] |23.03.22 20:32|1|0|95
쇼핑&패션 정보|/mz/community-info/view/852878?p=2|크루넥 리브 니트 스웨터_스카이 블루 |23.03.22 20:30|1|0|47
쇼핑&패션 정보|/mz/community-info/view/852877?p=2|베츠 어센틱 맨투맨 버건디 |23.03.22 20:29|1|0|76
쇼핑&패션 정보|/mz/community-info/view/852876?p=2|스웨트셔츠 [블랙] |23.03.22 20:27|1|0|47
쇼핑&패션 정보|/mz/community-info/view/852872?p=2|에센셜 후드 스웻 셔츠 (MELANGE GREY) |23.03.22 20:25|1|0|56
쇼핑&패션 정보|/mz/community-info/view/852108?p=2|M-65 피시테일 코트 베이지 |23.03.20 18:46|1|0|93
쇼핑&패션 정보|/mz/community-info/view/852107?p=2|사계절 스트링 트레이닝팬츠 (그레이) |23.03.20 18:45|1|0|61
쇼핑&패션 정보|/mz/community-info/view/852106?p=2|플리스 카라리스 자켓 블랙 |23.03.20 18:43|1|0|46
쇼핑&패션 정보|/mz/community-info/view/852105?p=2|[SET] 스테디 라이트 아노락 3P 셋업 블랙 |23.03.20 18:42|1|0|45
쇼핑&패션 정보|/mz/community-info/view/852104?p=2|마일드 스탠다드 데님팬츠 - LIGHT BLUE |23.03.20 18:41|1|0|36
쇼핑&패션 정보|/mz/community-info/view/852103?p=2|오버사이즈 멜톤 콘보이 더플 코트 블랙 |23.03.20 18:39|1|0|57
쇼핑&패션 정보|/mz/community-info/view/852102?p=2|[23SS] LJS51102 다크네이비 세미오버핏 자수 레터링 가디건 |23.03.20 18:38|1|0|44
쇼핑&패션 정보|/mz/community-info/view/852101?p=2|에센셜 쿨 코튼 2-PACK 티셔츠 블랙 |23.03.20 18:37|1|0|33
쇼핑&패션 정보|/mz/community-info/view/852100?p=2|90S 트랙 스웨트셔츠_그레이 |23.03.20 18:34|1|0|57
쇼핑&패션 정보|/mz/community-info/view/852099?p=2|아메리칸 웨스턴 벨트 |23.03.20 18:33|1|0|33
쇼핑&패션 정보|/mz/community-info/view/851825?p=2|울 블렌디드 원턱 와이드 팬츠 [토피] |23.03.19 23:38|1|0|46
쇼핑&패션 정보|/mz/community-info/view/851824?p=2|오버핏 카라 레더 자켓_블랙 |23.03.19 23:36|1|0|38
쇼핑&패션 정보|/mz/community-info/view/851823?p=2|헤비오버핏 램스울 가디건 챠콜 |23.03.19 23:35|1|0|54
쇼핑&패션 정보|/mz/community-info/view/851822?p=2|에센셜 시그니쳐 반집업 맨투맨_검정 |23.03.19 23:34|1|0|47
쇼핑&패션 정보|/mz/community-info/view/851821?p=2|[SET] 퓨어 헤비 티셔츠 |23.03.19 23:33|1|0|19
쇼핑&패션 정보|/mz/community-info/view/851819?p=2|컷 헤비 피그먼트 티셔츠-차콜- |23.03.19 23:31|1|0|46
쇼핑&패션 정보|/mz/community-info/view/851816?p=2|올스타 웜업 네이비 KMMT6671 |23.03.19 23:30|1|0|21
쇼핑&패션 정보|/mz/community-info/view/851815?p=2|코튼 워셔블 하찌 하프집업 니트_5 COLOR |23.03.19 23:29|1|0|70
쇼핑&패션 정보|/mz/community-info/view/851813?p=2|심플 웨스턴 하드레더 벨트 |23.03.19 23:28|1|0|24
쇼핑&패션 정보|/mz/community-info/view/851811?p=2|클래식 스타일 그루밍 토닉 400ml |23.03.19 23:27|1|0|23
쇼핑&패션 정보|/mz/community-info/view/851268?p=2|[3PACK] 32수 라이트 코튼 반팔 티셔츠 |23.03.18 15:11|1|0|36
쇼핑&패션 정보|/mz/community-info/view/851267?p=2|오버핏 1988 스웨트 셔츠-네이비 |23.03.18 15:10|1|0|32
쇼핑&패션 정보|/mz/community-info/view/851266?p=2|베이식 피케 폴로 셔츠 [블랙] |23.03.18 15:08|1|0|42
쇼핑&패션 정보|/mz/community-info/view/851265?p=2|사계절 쓰리턱 트레이닝팬츠 (2color) |23.03.18 15:06|1|0|34
쇼핑&패션 정보|/mz/community-info/view/851264?p=2|더블턱 와이드 슬랙스[블랙] |23.03.18 15:05|1|0|97
쇼핑&패션 정보|/mz/community-info/view/851263?p=2|테디베어 앙고라 가디건 테디 베어 |23.03.18 15:02|1|0|36
쇼핑&패션 정보|/mz/community-info/view/851262?p=3|플랫 테리 오버사이즈 스트링 스웨트셔츠 [블랙] |23.03.18 15:01|1|0|45
쇼핑&패션 정보|/mz/community-info/view/851229?p=3|오디너리 크롭 가디건 클라우드 |23.03.18 13:34|1|0|27
쇼핑&패션 정보|/mz/community-info/view/851228?p=3|모어 댄 리얼 진청 와이드 팬츠 |23.03.18 13:32|1|0|38
쇼핑&패션 정보|/mz/community-info/view/851226?p=3|에센셜 쿨 코튼 2-PACK 티셔츠 블랙 |23.03.18 13:31|1|0|33
쇼핑&패션 정보|/mz/community-info/view/850956?p=3|2WAY 컴포트 블루종 자켓 (BLACK) |23.03.17 18:34|1|0|27
쇼핑&패션 정보|/mz/community-info/view/850955?p=3|2WAY 시그니처 블루종_아이보리 |23.03.17 18:30|1|0|29
쇼핑&패션 정보|/mz/community-info/view/850954?p=3|히든 스냅 칼라 카디건_블랙 |23.03.17 18:27|1|0|20
쇼핑&패션 정보|/mz/community-info/view/850952?p=3|모노톤 풀 집업 니트_올리브 |23.03.17 18:26|1|0|31
쇼핑&패션 정보|/mz/community-info/view/850951?p=3|글렌 체크 테이퍼드 히든 밴딩 크롭 슬랙스 [다크 베이지] |23.03.17 18:24|1|0|53
쇼핑&패션 정보|/mz/community-info/view/850950?p=3|밍크 퍼 하이넥 점퍼 그레이 |23.03.17 18:22|1|0|69
쇼핑&패션 정보|/mz/community-info/view/850949?p=3|프리미엄 오버핏 램스킨 베지터블 보머 자켓 |23.03.17 18:21|1|0|128
쇼핑&패션 정보|/mz/community-info/view/850948?p=3|모노톤 풀 집업 니트_네이비 |23.03.17 18:19|1|0|41
쇼핑&패션 정보|/mz/community-info/view/850947?p=3|글렌 체크 와이드 히든 밴딩 슬랙스 [미디엄 그레이] |23.03.17 18:18|1|0|67
쇼핑&패션 정보|/mz/community-info/view/850944?p=3|플랫 테리 오버사이즈 스웨트셔츠 [건메탈] |23.03.17 18:15|1|0|29
쇼핑&패션 정보|/mz/community-info/view/850624?p=3|플랫 테리 오버사이즈 스트링 스웨트셔츠 [블랙] |23.03.16 21:34|2|0|37
쇼핑&패션 정보|/mz/community-info/view/850622?p=3|MIL-LABEL POCKET S/S T-SHIRTS M그레이 |23.03.16 21:31|1|0|28
쇼핑&패션 정보|/mz/community-info/view/850572?p=3|드웨인 체크 세미 와이드 밴딩 슬랙스 |23.03.16 20:05|1|0|31
쇼핑&패션 정보|/mz/community-info/view/850554?p=3|51031 KURABO EMPTY SKY JEANS [WIDE STRAI |23.03.16 18:58|1|0|35
쇼핑&패션 정보|/mz/community-info/view/850546?p=3|버킹엄 체크 밴딩 슬랙스 브라운 |23.03.16 18:47|1|0|17
쇼핑&패션 정보|/mz/community-info/view/850538?p=3|오버핏 스모킹 블루종 램 레더 (블랙) |23.03.16 18:25|1|0|36
쇼핑&패션 정보|/mz/community-info/view/850537?p=3|130004 베이직 레더 벨트 |23.03.16 18:24|1|0|32
쇼핑&패션 정보|/mz/community-info/view/850536?p=3|오버핏 램스킨 블루종 자켓 |23.03.16 18:22|1|0|41
쇼핑&패션 정보|/mz/community-info/view/850534?p=3|사피아노 신세틱 레더 벨트 |23.03.16 18:19|1|0|60
쇼핑&패션 정보|/mz/community-info/view/850533?p=3|캠브리지 세미 오버 블레이저 |23.03.16 18:18|1|0|24
쇼핑&패션 정보|/mz/community-info/view/850180?p=3|헤리티지 블레이저 시리즈 |23.03.15 18:30|1|0|44
쇼핑&패션 정보|/mz/community-info/view/850179?p=3|[패키지] 더블코튼 무지반팔 패키지 KHST1011 |23.03.15 18:28|1|0|46
쇼핑&패션 정보|/mz/community-info/view/850178?p=3|빅 어워드 스타디움 울 바시티자켓 다크네이비 |23.03.15 18:26|1|0|35
쇼핑&패션 정보|/mz/community-info/view/850177?p=3|원턱 와이드 스웨트팬츠 그레이 |23.03.15 18:24|1|0|40
쇼핑&패션 정보|/mz/community-info/view/850175?p=3|우먼스 스몰라쿠 와이드팬츠(네이비) |23.03.15 18:22|1|0|32
쇼핑&패션 정보|/mz/community-info/view/850174?p=3|하프 집업 리브 니트 탑_그레이 |23.03.15 18:21|1|0|57
쇼핑&패션 정보|/mz/community-info/view/850173?p=4|[브로치] 소프트코튼 라인 브이넥 니트 _ 블랙 |23.03.15 18:19|1|0|35
쇼핑&패션 정보|/mz/community-info/view/850172?p=4|엔젤 클래식 브이넥 니트 아이보리 |23.03.15 18:17|1|0|30
쇼핑&패션 정보|/mz/community-info/view/850169?p=4|워셔블 하프 집업 카라넥 하찌 니트 |23.03.15 18:16|1|0|57
쇼핑&패션 정보|/mz/community-info/view/850168?p=4|DRILL BAG |23.03.15 18:14|1|0|21
쇼핑&패션 정보|/mz/community-info/view/849754?p=4|나일론 워셔 자켓_차콜 |23.03.14 18:18|1|0|41
쇼핑&패션 정보|/mz/community-info/view/849750?p=4|컴피 워셔 후드 숏 자켓_라이트그레이 |23.03.14 18:17|1|0|34
쇼핑&패션 정보|/mz/community-info/view/849749?p=4|파라슈트 와이드 데님팬츠 [크림] |23.03.14 18:15|1|0|24
쇼핑&패션 정보|/mz/community-info/view/849747?p=4|오버핏 싱글 맥코트_ |23.03.14 18:13|1|0|66
쇼핑&패션 정보|/mz/community-info/view/849746?p=4|SPACE302 (NIGHT BLACK) |23.03.14 18:12|1|0|31
쇼핑&패션 정보|/mz/community-info/view/849745?p=4|베이직 코튼 투웨이 블루종 [블랙] |23.03.14 18:10|1|0|43
쇼핑&패션 정보|/mz/community-info/view/849743?p=4|솔라로 블루종 브라운 |23.03.14 18:09|1|0|52
쇼핑&패션 정보|/mz/community-info/view/849742?p=4|모어 라이닝 스웨트-쇼츠 블랙 |23.03.14 18:07|1|0|28
쇼핑&패션 정보|/mz/community-info/view/849741?p=4|로얄 플래그 스윙탑 자켓 (베이지) |23.03.14 18:06|1|0|36
쇼핑&패션 정보|/mz/community-info/view/849740?p=4|투턱 와이드 데님팬츠 [그라파이트] |23.03.14 18:04|1|0|35
쇼핑&패션 정보|/mz/community-info/view/849652?p=4|운동여신 이토끼님의 찐 추천템 콜카 밸런스 220 역도화! |23.03.14 14:26|0|0|298
쇼핑&패션 정보|/mz/community-info/view/849071?p=4|울 오버핏 라운드 니트 - 베이지 |23.03.13 12:05|1|0|35
쇼핑&패션 정보|/mz/community-info/view/849068?p=4|[니티드X깡스타일리스트] 코튼 미니멀 라운드 니트 GREEN |23.03.13 12:03|1|0|70
쇼핑&패션 정보|/mz/community-info/view/849067?p=4|비건 레더 헌팅 자켓 블랙 |23.03.13 12:02|1|0|52
쇼핑&패션 정보|/mz/community-info/view/849066?p=4|레이어드 크루 넥 반팔 티셔츠_일반 기장 [블랙] |23.03.13 12:01|1|0|53
쇼핑&패션 정보|/mz/community-info/view/849064?p=4|모헤어 울 하찌 라운드 니트 _4 COLOR |23.03.13 11:59|1|0|43
쇼핑&패션 정보|/mz/community-info/view/849062?p=4|오버핏 소프트 레글런 스웨터 니트 핑크 |23.03.13 11:57|1|0|28
쇼핑&패션 정보|/mz/community-info/view/849061?p=4|다트 포인트 오픈칼라 셔츠 BROWN |23.03.13 11:56|1|0|24
쇼핑&패션 정보|/mz/community-info/view/849059?p=4|PLMT 아트피셜 자켓(블랙) |23.03.13 11:55|1|0|40
쇼핑&패션 정보|/mz/community-info/view/849058?p=4|베켄바우어 트랙탑 - 블랙 / IA4778 |23.03.13 11:53|2|0|72
쇼핑&패션 정보|/mz/community-info/view/849056?p=4|젤-1090 - 버치:버치 / 1203A159-200 |23.03.13 11:52|1|0|28
쇼핑&패션 정보|/mz/community-info/view/848688?p=4|우영미 깃털 티셔츠 |23.03.12 15:43|0|0|157
쇼핑&패션 정보|/mz/community-info/view/848687?p=4|써네이 후드티 그레이 |23.03.12 15:42|0|0|59
쇼핑&패션 정보|/mz/community-info/view/848685?p=4|스투시 다이스 티셔츠 |23.03.12 15:36|0|0|113
쇼핑&패션 정보|/mz/community-info/view/848684?p=4|뮬라 오버핏 반발티 1 1 1 |23.03.12 15:35|0|0|47
쇼핑&패션 정보|/mz/community-info/view/848557?p=4|릴렉스 핏 크루 넥 반팔 티셔츠 [화이트] |23.03.12 08:51|1|0|42
쇼핑&패션 정보|/mz/community-info/view/848556?p=5|비건 레더 헌팅 자켓 블랙 |23.03.12 08:49|1|0|29
쇼핑&패션 정보|/mz/community-info/view/848555?p=5|비건 소프트 레더 오버핏 점퍼 셔츠 자켓_BLACK |23.03.12 08:47|1|0|30
쇼핑&패션 정보|/mz/community-info/view/848554?p=5|라이트 울 오픈 칼라 셔츠 JADE GREY |23.03.12 08:46|1|0|23
쇼핑&패션 정보|/mz/community-info/view/848240?p=5|PNFD 성조기 자수 오버핏 스웨터 BEIGE_FM4KL03U |23.03.11 16:40|1|0|45
쇼핑&패션 정보|/mz/community-info/view/848237?p=5|레더오버셔츠자켓 블랙 |23.03.11 16:38|1|0|75
쇼핑&패션 정보|/mz/community-info/view/848235?p=5|블랙 에코 레더 셔츠형 아우터_릴랙스핏 (45213ZGQ35) |23.03.11 16:36|1|0|45
쇼핑&패션 정보|/mz/community-info/view/848233?p=5|오버사이즈 멜톤 더플 롱 코트 네이비 |23.03.11 16:35|1|0|76
쇼핑&패션 정보|/mz/community-info/view/848231?p=5|비건 소프트 레더 오버핏 점퍼 셔츠 자켓_2COLOR |23.03.11 16:33|1|0|65
쇼핑&패션 정보|/mz/community-info/view/848227?p=5|1461 쿼드 블랙 폴리시드 스무스 25567001 |23.03.11 16:31|1|0|32
쇼핑&패션 정보|/mz/community-info/view/848224?p=5|스토퍼 카고 스웨트 밴딩 팬츠 화이트멜란지 |23.03.11 16:29|1|0|46
쇼핑&패션 정보|/mz/community-info/view/848220?p=5|미니멀 가디건 [건메탈] |23.03.11 16:28|1|0|93
쇼핑&패션 정보|/mz/community-info/view/848216?p=5|오버핏 울 더플 코트 네이비 |23.03.11 16:25|1|0|48
쇼핑&패션 정보|/mz/community-info/view/848214?p=5|셔링 드리즐 MA-1 자켓 블랙 |23.03.11 16:24|1|0|52
쇼핑&패션 정보|/mz/community-info/view/847817?p=5|[울블렌디드] 오버핏 후드 더플 코트 iro204 라이트그레이 |23.03.10 19:07|1|0|30
쇼핑&패션 정보|/mz/community-info/view/847816?p=5|엔젤 더플 롱코트 카멜 |23.03.10 19:05|1|0|37
쇼핑&패션 정보|/mz/community-info/view/847815?p=5|스토퍼 카고 스웨트 밴딩 팬츠 블랙 |23.03.10 19:03|1|0|31
쇼핑&패션 정보|/mz/community-info/view/847814?p=5|1461 3홀 에나멜 블랙 10084001 |23.03.10 19:01|1|0|17
쇼핑&패션 정보|/mz/community-info/view/847813?p=5|엔젤 비건 레더 블루종 블랙 |23.03.10 18:59|1|0|40
쇼핑&패션 정보|/mz/community-info/view/847812?p=5|[SMART]레더오버핏블루종 라이트베이지 MXJP2103 |23.03.10 18:57|1|0|40
쇼핑&패션 정보|/mz/community-info/view/847811?p=5|[비브람] 미니멀 볼드쉐입 오플레더 5홀 더비 1080-ME [DEEP  |23.03.10 18:55|1|0|39
쇼핑&패션 정보|/mz/community-info/view/847810?p=5|릴렉스 핏 옥스포드 셔츠 [베이지] |23.03.10 18:53|1|0|94
쇼핑&패션 정보|/mz/community-info/view/847809?p=5|여 화이트 모노그램 릴렉스핏 크롭 반팔 티셔츠 J221836 YAF |23.03.10 18:51|1|0|68
쇼핑&패션 정보|/mz/community-info/view/847808?p=5|샴브레이 데님 셔츠 - 3 COLOR |23.03.10 18:49|2|0|118
쇼핑&패션 정보|/mz/community-info/view/847167?p=5|오버사이즈 옥스포드 셔츠 [화이트] |23.03.09 11:18|1|0|32
쇼핑&패션 정보|/mz/community-info/view/847166?p=5|보아 헤비 후드집업 파카 (블랙) |23.03.09 11:17|1|0|45
쇼핑&패션 정보|/mz/community-info/view/847165?p=5|[비건 레더] 필드 자켓 블랙 |23.03.09 11:16|1|0|31
쇼핑&패션 정보|/mz/community-info/view/847163?p=5|솔리드 옥스포드 오버셔츠(스카이블루) |23.03.09 11:14|1|0|54
쇼핑&패션 정보|/mz/community-info/view/847162?p=5|퍼티그 와이드 데님 [오프화이트] |23.03.09 11:13|1|0|47
쇼핑&패션 정보|/mz/community-info/view/847159?p=5|하프 집업 반팔 스웻셔츠 쇼츠 세트 [라이트 그레이] |23.03.09 11:11|1|0|63
쇼핑&패션 정보|/mz/community-info/view/847156?p=5|이지 와이드 데님 팬츠 오프화이트 |23.03.09 11:10|1|0|121
쇼핑&패션 정보|/mz/community-info/view/847154?p=6|스모크 와이드 데님 팬츠 빈티지블랙 KMLP6669 |23.03.09 11:09|1|0|26
쇼핑&패션 정보|/mz/community-info/view/847152?p=6|[패키지] 핀스 오버핏 카라 반팔티 2PACK YHST2354 |23.03.09 11:08|1|0|42
쇼핑&패션 정보|/mz/community-info/view/847150?p=6|23S/S 오버핏 피케티셔츠 (카키그레이) |23.03.09 11:06|1|0|35
쇼핑&패션 정보|/mz/community-info/view/846923?p=6|바비시리즈 남자 직장인 비즈니스 기능성 노트북 백팩 바비비즈 블랙 |23.03.08 20:07|1|0|63
쇼핑&패션 정보|/mz/community-info/view/846922?p=6|럭키 캔버스 버켓백 Ⅱ 3902 아이보리 |23.03.08 20:05|1|0|33
쇼핑&패션 정보|/mz/community-info/view/846920?p=6|뉴블랙 ma-1 셔링점퍼 블랙 |23.03.08 20:04|1|0|64
쇼핑&패션 정보|/mz/community-info/view/846919?p=6|GAFF TEX CARDIGAN (SAND BEIGE) |23.03.08 20:02|1|0|39
쇼핑&패션 정보|/mz/community-info/view/846918?p=6|프렌치 테리 크롭 봄버 자켓 [블랙] |23.03.08 20:01|1|0|47
쇼핑&패션 정보|/mz/community-info/view/846917?p=6|LC MA-1_BK |23.03.08 19:59|1|0|17
쇼핑&패션 정보|/mz/community-info/view/846916?p=6|우먼즈 크롭 MA-1 보머 재킷 [블랙] |23.03.08 19:58|1|0|50
쇼핑&패션 정보|/mz/community-info/view/846915?p=6|글로시 셔링 배색 오버핏 크롭 블루종 자켓 점퍼 |23.03.08 19:57|1|0|34
쇼핑&패션 정보|/mz/community-info/view/846914?p=6|51058 KURABO MILKY WAY JEANS [WIDE STRAI |23.03.08 19:55|1|0|34
쇼핑&패션 정보|/mz/community-info/view/846913?p=6|51053 CONE DRY BLACK JEANS [EXTRA WIDE S |23.03.08 19:54|1|0|29
쇼핑&패션 정보|/mz/community-info/view/846729?p=6|구찌 라이톤 더티 |23.03.08 12:05|0|0|90
쇼핑&패션 정보|/mz/community-info/view/846727?p=6|스톤아일랜드 롱슬리브 올리브 |23.03.08 12:02|0|0|52
쇼핑&패션 정보|/mz/community-info/view/846724?p=6|메종키츠네 더블폭스 맨투맨 |23.03.08 12:00|0|0|73
쇼핑&패션 정보|/mz/community-info/view/846721?p=6|컨버스 척테일러 70 |23.03.08 11:57|0|0|47
쇼핑&패션 정보|/mz/community-info/view/846718?p=6|티리버럴 플리스 로고 후디 |23.03.08 11:52|0|0|47
쇼핑&패션 정보|/mz/community-info/view/846715?p=6|뉴발란스 530 |23.03.08 11:50|0|0|76
쇼핑&패션 정보|/mz/community-info/view/846712?p=6|나이키 에어포스1 07 |23.03.08 11:48|1|0|231
쇼핑&패션 정보|/mz/community-info/view/846708?p=6|엘무드 실링 티 블랙 |23.03.08 11:46|0|0|17
쇼핑&패션 정보|/mz/community-info/view/846705?p=6|타미힐피거 헤리티지 데님셔츠 |23.03.08 11:43|0|0|48
쇼핑&패션 정보|/mz/community-info/view/846702?p=6|캘빈클라인 워싱 청자켓 |23.03.08 11:40|0|0|116
쇼핑&패션 정보|/mz/community-info/view/846246?p=6|에르메스 시티즌 월렛 |23.03.07 11:58|0|0|50
쇼핑&패션 정보|/mz/community-info/view/846243?p=6|타미힐피거 로고 캡 |23.03.07 11:56|0|0|48
쇼핑&패션 정보|/mz/community-info/view/846238?p=6|해밀턴 카키필드 오토매틱 38 |23.03.07 11:52|0|1|73
쇼핑&패션 정보|/mz/community-info/view/846236?p=6|커버낫 피그먼트 맨투맨 차콜 |23.03.07 11:47|0|0|43
쇼핑&패션 정보|/mz/community-info/view/846208?p=6|커버낫 피그먼트 맨투맨 인디고 |23.03.07 11:13|0|0|65
쇼핑&패션 정보|/mz/community-info/view/846172?p=6|파인더 핀턱 스웨트 팬츠 (BK) |23.03.07 09:10|1|0|44
쇼핑&패션 정보|/mz/community-info/view/846170?p=6|원턱 와이드 치노팬츠(KH) |23.03.07 09:09|1|0|45
쇼핑&패션 정보|/mz/community-info/view/846169?p=7|리사이클 레귤러 핏 데님 팬츠 [라이트 인디고] |23.03.07 09:07|1|0|97
쇼핑&패션 정보|/mz/community-info/view/846167?p=7|1811 VINTAGE INK JEANS [VINTAGE STRAIGHT |23.03.07 09:06|1|0|21
쇼핑&패션 정보|/mz/community-info/view/846165?p=7|레귤러 핏 데님 팬츠 [그레이] |23.03.07 09:04|1|0|24
쇼핑&패션 정보|/mz/community-info/view/846164?p=7|DESERT TREK GORE-TEX 26165623 |23.03.07 09:03|1|0|73
쇼핑&패션 정보|/mz/community-info/view/846163?p=7|Desert Trek. Sand Suede 26164264 |23.03.07 09:01|1|0|21
쇼핑&패션 정보|/mz/community-info/view/846162?p=7|mini ridge bag (olive beige) |23.03.07 09:00|1|0|48
쇼핑&패션 정보|/mz/community-info/view/846161?p=7|1883 MONOCHROME JEANS [WIDE STRAIGHT] |23.03.07 08:59|1|0|35
쇼핑&패션 정보|/mz/community-info/view/846159?p=7|Occam Doux Shoulder L (오캄 두 숄더 라지)_4colo |23.03.07 08:58|1|0|14
쇼핑&패션 정보|/mz/community-info/view/845585?p=7|브룩 니트 ( 5 COLOR ) |23.03.06 00:14|1|0|40
쇼핑&패션 정보|/mz/community-info/view/845584?p=7|웜 코튼 EDP 30ML |23.03.06 00:13|1|0|56
쇼핑&패션 정보|/mz/community-info/view/845583?p=7|유무선 노이즈 캔슬링 블루투스 헤드폰 BT4000 ANC |23.03.06 00:11|2|0|38
쇼핑&패션 정보|/mz/community-info/view/845582?p=7|오리진 퓨어 밸런싱 클렌징 오일 300ml |23.03.06 00:10|1|0|33
쇼핑&패션 정보|/mz/community-info/view/845581?p=7|UTILITY RIPSTOP PANTS BEIGE |23.03.06 00:09|1|0|40
쇼핑&패션 정보|/mz/community-info/view/845580?p=7|데일리 울트라 홀딩 스칼프스프레이 200ml |23.03.06 00:08|1|0|47
쇼핑&패션 정보|/mz/community-info/view/845578?p=7|핸드메이드 싱글 코트 |23.03.06 00:06|1|0|76
쇼핑&패션 정보|/mz/community-info/view/845577?p=7|퓨어 울 오버핏 싱글 롱코트 (BEIGE) |23.03.06 00:04|1|0|34
쇼핑&패션 정보|/mz/community-info/view/845575?p=7|51035 HISHITOMO DUEN JEANS [RELAX STRAIG |23.03.06 00:03|1|0|47
쇼핑&패션 정보|/mz/community-info/view/845574?p=7|하이브리드 유틸리티 쉘파카 점퍼 베이지 IEJU3E302I2 |23.03.06 00:02|1|0|51
쇼핑&패션 정보|/mz/community-info/view/845166?p=7|피치스킨 러스티 로고 스웨트셔츠 [옐로우그린] |23.03.05 03:15|1|0|54
쇼핑&패션 정보|/mz/community-info/view/845165?p=7|[SET] 2-WAY 테크 숏 자켓 셋업_그레이 |23.03.05 03:13|1|0|104
쇼핑&패션 정보|/mz/community-info/view/845164?p=7|SIGN LOGO SWEAT PANTS PG BEIGE |23.03.05 03:12|1|0|37
쇼핑&패션 정보|/mz/community-info/view/845163?p=7|원턱 와이드 슬랙스[그레이] |23.03.05 03:10|1|0|85
쇼핑&패션 정보|/mz/community-info/view/845162?p=7|Field Vijo Balloon Pants - Khaki |23.03.05 03:09|1|0|33
쇼핑&패션 정보|/mz/community-info/view/845161?p=7|오버사이즈 집업 카라 터틀넥 니트 [M.GREY] |23.03.05 03:07|1|0|70
쇼핑&패션 정보|/mz/community-info/view/845160?p=7|Ray Wind Parka Salmon |23.03.05 03:06|1|0|8
쇼핑&패션 정보|/mz/community-info/view/845159?p=7|파이핑 라인 플리스 자켓_브라운 |23.03.05 03:04|1|0|22
쇼핑&패션 정보|/mz/community-info/view/845158?p=7|ROLL-UP WIDE PANTS |23.03.05 03:02|1|0|27
쇼핑&패션 정보|/mz/community-info/view/845157?p=7|NATIVE FOREST BOMBER JACKET |23.03.05 03:00|1|0|84
쇼핑&패션 정보|/mz/community-info/view/845079?p=7|UV 디펜스 선 베이스 톤업 SPF47 PA |23.03.04 22:37|1|0|50
쇼핑&패션 정보|/mz/community-info/view/845078?p=7|탑필 울 라운드 니트 (블랙) |23.03.04 22:36|1|0|42
쇼핑&패션 정보|/mz/community-info/view/845077?p=8|WAIST LINE MIDI SKIRT - GREY |23.03.04 22:34|1|0|79
쇼핑&패션 정보|/mz/community-info/view/845075?p=8|파이핑 라인 나일론 자켓_네이비 |23.03.04 22:33|1|0|148
쇼핑&패션 정보|/mz/community-info/view/845074?p=8|칼라리스 폴라 플리스 재킷 [블랙] |23.03.04 22:32|1|0|107
쇼핑&패션 정보|/mz/community-info/view/845072?p=8|로고 그레이 반집업 맨투맨 |23.03.04 22:30|1|0|50
쇼핑&패션 정보|/mz/community-info/view/845070?p=8|(시티보이) 오버핏 옥스포드 셔츠_SPYWD23C01 |23.03.04 22:29|1|0|59
쇼핑&패션 정보|/mz/community-info/view/845069?p=8|해링턴 블루종 자켓_블랙 |23.03.04 22:27|1|0|62
쇼핑&패션 정보|/mz/community-info/view/845068?p=8|핀턱 포인티드 오버 다잉 데님 집업 (페이디드베이지) |23.03.04 22:26|1|0|29
쇼핑&패션 정보|/mz/community-info/view/845067?p=8|오버핏 솔리드 무톤 자켓 (블랙 화이트) |23.03.04 22:25|1|0|65
쇼핑&패션 정보|/mz/community-info/view/844632?p=8|메종 마르지엘라 넘버링 |23.03.03 20:32|0|0|47
쇼핑&패션 정보|/mz/community-info/view/844539?p=8|구찌 시마 반지갑 |23.03.03 14:55|0|0|125
쇼핑&패션 정보|/mz/community-info/view/844533?p=8|페블 코튼 슬리브 |23.03.03 14:51|0|0|29
쇼핑&패션 정보|/mz/community-info/view/844530?p=8|엘무드 실링 티 |23.03.03 14:50|0|0|64
쇼핑&패션 정보|/mz/community-info/view/844526?p=8|필루미네이트 로고 맨투맨 |23.03.03 14:41|0|0|68
쇼핑&패션 정보|/mz/community-info/view/844523?p=8|금성침대 매트리스 |23.03.03 14:40|0|0|183
쇼핑&패션 정보|/mz/community-info/view/844519?p=8|널디 트레이닝 셋업 |23.03.03 14:36|0|0|64
쇼핑&패션 정보|/mz/community-info/view/844515?p=8|네이버 브랜드데이 |23.03.03 14:34|0|0|31
쇼핑&패션 정보|/mz/community-info/view/844511?p=8|오블리크 해링턴 자켓 |23.03.03 14:31|0|0|43
쇼핑&패션 정보|/mz/community-info/view/844508?p=8|예거 르쿨트르 리베르소 |23.03.03 14:29|0|0|9
쇼핑&패션 정보|/mz/community-info/view/844341?p=8|OSCAR FISHTAIL JACKET 003 _ OLIVE |23.03.03 01:03|1|0|34
쇼핑&패션 정보|/mz/community-info/view/844339?p=8|워시드 코튼 후드 집업_4color |23.03.03 01:02|1|1|73
쇼핑&패션 정보|/mz/community-info/view/844338?p=8|밍크 퍼 오버핏 후드집업 (블랙) |23.03.03 01:00|1|0|55
쇼핑&패션 정보|/mz/community-info/view/844335?p=8|[비건 레더] 필드 자켓 블랙 |23.03.03 00:59|1|0|62
쇼핑&패션 정보|/mz/community-info/view/844334?p=8|스탠다드 후드 스웨트 집업 - 멜란지 그레이 |23.03.03 00:58|1|0|43
쇼핑&패션 정보|/mz/community-info/view/844332?p=8|TC5-SH08 프렌치 스트라이프 셔츠-네이비 |23.03.03 00:56|1|0|41
쇼핑&패션 정보|/mz/community-info/view/844331?p=8|리치 오버 MA-1 자켓 블랙 YHJK2269 |23.03.03 00:55|1|0|56
쇼핑&패션 정보|/mz/community-info/view/844328?p=8|아치 로고 하프 집업 스트링 맨투맨 [네이비] |23.03.03 00:52|1|0|74
쇼핑&패션 정보|/mz/community-info/view/844327?p=8|에센셜 메신져백 블랙 |23.03.03 00:51|1|0|67
쇼핑&패션 정보|/mz/community-info/view/844320?p=8|파이어버드 트랙탑 - 블랙:화이트 / IA6340 |23.03.03 00:43|5|0|687
쇼핑&패션 정보|/mz/community-info/view/844099?p=8|글라이신 DC-4 |23.03.02 15:42|0|0|12
쇼핑&패션 정보|/mz/community-info/view/844097?p=8|태그호이어 모나코 |23.03.02 15:40|0|0|59
쇼핑&패션 정보|/mz/community-info/view/844093?p=9|브라이틀링 콜트 |23.03.02 15:39|0|0|13
쇼핑&패션 정보|/mz/community-info/view/844089?p=9|루이비통 모노그렘 이클립스 카드홀더 |23.03.02 15:36|0|0|62
쇼핑&패션 정보|/mz/community-info/view/844005?p=9|에르메스 유클리드 에토프 |23.03.02 12:00|0|0|37
쇼핑&패션 정보|/mz/community-info/view/844001?p=9|버버리 번지코드 후드자켓 |23.03.02 11:59|0|0|50
쇼핑&패션 정보|/mz/community-info/view/843998?p=9|버버리 체크 스니커즈 |23.03.02 11:57|0|0|59
쇼핑&패션 정보|/mz/community-info/view/843995?p=9|구찌 스네이크 에이스 스니커즈 |23.03.02 11:55|0|0|63
쇼핑&패션 정보|/mz/community-info/view/843992?p=9|크롬하츠 스크롤 라벨링 |23.03.02 11:54|0|0|33
쇼핑&패션 정보|/mz/community-info/view/843989?p=9|크롬하츠 세메터리링 |23.03.02 11:52|0|0|29
쇼핑&패션 정보|/mz/community-info/view/843930?p=9|백 디테일 울 트렌치 코트 BLACK |23.03.02 09:56|1|0|33
쇼핑&패션 정보|/mz/community-info/view/843927?p=9|[리뉴얼 ver.][3M 신슐레이트] M-1965 피쉬테일 숏 파카_Vi |23.03.02 09:54|1|0|65
쇼핑&패션 정보|/mz/community-info/view/843920?p=9|세미오버핏 싱글 블레이저 자켓[검정] |23.03.02 09:49|1|0|59
쇼핑&패션 정보|/mz/community-info/view/843917?p=9|레이어드 슬리브리스 탑_일반 기장 [화이트] |23.03.02 09:47|2|0|40
쇼핑&패션 정보|/mz/community-info/view/843915?p=9|S23MMFWB72 미닛 바람막이 Dark Charcoal |23.03.02 09:45|1|0|36
쇼핑&패션 정보|/mz/community-info/view/843914?p=9|홈카페 액자 인테리어 포스터 / 129번 미닛뮤트 |23.03.02 09:42|1|0|55
쇼핑&패션 정보|/mz/community-info/view/843911?p=9|척 70 뮬 파운데이션 블랙 172591C |23.03.02 09:39|1|0|40
쇼핑&패션 정보|/mz/community-info/view/843909?p=9|[2PACK] 베이식 무지 레이어드 반팔 티셔츠 일반 기장 |23.03.02 09:37|1|0|50
쇼핑&패션 정보|/mz/community-info/view/843907?p=9|980g pigment mtm-charcoal- |23.03.02 09:33|1|0|54
쇼핑&패션 정보|/mz/community-info/view/843906?p=9|오버핏 비건레더 싱글 자켓 |23.03.02 09:31|1|0|42
쇼핑&패션 정보|/mz/community-info/view/843816?p=9|TWO POCKET BACKPACK |23.03.01 22:36|1|0|25
쇼핑&패션 정보|/mz/community-info/view/843813?p=9|에센셜 시그니쳐 반집업 맨투맨_화이트메란지 |23.03.01 22:35|1|0|31
쇼핑&패션 정보|/mz/community-info/view/843811?p=9|테버리스 나이트로 - 화이트:아이보리 / 388774-06 |23.03.01 22:33|1|0|20
쇼핑&패션 정보|/mz/community-info/view/843810?p=9|3M 신슐레이트 퀼팅자켓 블랙 |23.03.01 22:32|1|0|122
쇼핑&패션 정보|/mz/community-info/view/843809?p=9|레이어드 크루 넥 반팔 티셔츠_긴 기장 |23.03.01 22:31|1|0|32
쇼핑&패션 정보|/mz/community-info/view/843807?p=9|오버사이즈 PBT 라운드 가디건 |23.03.01 22:30|1|0|47
쇼핑&패션 정보|/mz/community-info/view/843806?p=9|[SET] (긴바지 OR 반바지 선택) CGP 서클 로고 하프집업 맨투맨 |23.03.01 22:29|1|0|46
쇼핑&패션 정보|/mz/community-info/view/843804?p=9|커뮤니케이터 포켓 2.0 |23.03.01 22:27|1|0|23
쇼핑&패션 정보|/mz/community-info/view/843719?p=9|COS  맨투맨 - 그린 |23.03.01 16:04|0|0|82
쇼핑&패션 정보|/mz/community-info/view/843716?p=9|5블루라이트 차단 안경 |23.03.01 16:02|0|0|34
쇼핑&패션 정보|/mz/community-info/view/843713?p=9|겐조 선글라스 (호피,블루미러렌즈) |23.03.01 16:01|0|0|52
쇼핑&패션 정보|/mz/community-info/view/843710?p=9|레이벤 항공 선글라스 (보잉,메탈) |23.03.01 15:59|0|0|94
쇼핑&패션 정보|/mz/community-info/view/843707?p=10|2. 발망 선글라스 (블랙라운드) |23.03.01 15:56|1|0|60
쇼핑&패션 정보|/mz/community-info/view/843699?p=10|톰포드 선글라스 아시안핏 |23.03.01 15:26|0|0|54
쇼핑&패션 정보|/mz/community-info/view/843695?p=10|MLB NY 체인햇 |23.03.01 15:25|0|0|31
쇼핑&패션 정보|/mz/community-info/view/843692?p=10|조이먼트 로고 모자 |23.03.01 15:23|0|0|69
쇼핑&패션 정보|/mz/community-info/view/843689?p=10|타미힐피거 로고 모자 |23.03.01 15:21|0|0|30
쇼핑&패션 정보|/mz/community-info/view/843686?p=10|폴로 포니 디테일 스니커즈 |23.03.01 15:20|0|0|50
쇼핑&패션 정보|/mz/community-info/view/843466?p=10|프레첼 코듀로이 셔츠 카키브라운 JJLS7525 |23.03.01 01:15|1|0|50
쇼핑&패션 정보|/mz/community-info/view/843448?p=10|PLEATED WIDE COTTON PANTS |23.03.01 00:32|1|0|20
쇼핑&패션 정보|/mz/community-info/view/843101?p=10|미니멀 절개 블루종 |23.02.28 09:36|1|0|63
쇼핑&패션 정보|/mz/community-info/view/843098?p=10|MLB 뉴욕 양키스 스타디움 재킷 네이비 13338641 |23.02.28 09:30|1|0|58
쇼핑&패션 정보|/mz/community-info/view/843097?p=10|커브드 와이드 치노 팬츠 |23.02.28 09:26|1|0|81
쇼핑&패션 정보|/mz/community-info/view/843094?p=10|오버핏 램스킨 싱글 자켓 |23.02.28 09:21|1|0|53
쇼핑&패션 정보|/mz/community-info/view/843088?p=10|203 SOLID SILHOUETTE WIDE PANTS [BLACK] |23.02.28 09:06|1|0|39
쇼핑&패션 정보|/mz/community-info/view/843042?p=10|플리츠드 울 트윌 크롭 자켓 (베이지) |23.02.28 01:34|1|0|114
쇼핑&패션 정보|/mz/community-info/view/843037?p=10|One Tuck Wide Slacks Denim |23.02.28 01:28|1|0|102
쇼핑&패션 정보|/mz/community-info/view/842994?p=10|1892 GREY HOUSE JEANS [WIDE STRAIGHT] |23.02.28 00:21|1|0|56
쇼핑&패션 정보|/mz/community-info/view/842986?p=10|다트 벌룬 와이드 데님팬츠 화이트그레이 |23.02.28 00:09|1|0|73
쇼핑&패션 정보|/mz/community-info/view/842983?p=10|LAUNDRY SHIRT (라벤더 그레이) |23.02.28 00:06|1|0|52
쇼핑&패션 정보|/mz/community-info/view/841634?p=10|국내브랜드 |23.02.24 14:29|0|0|63
쇼핑&패션 정보|/mz/community-info/view/841421?p=10|바라쿠타  G9 클래식 해링턴 자켓 Racing Green 6368 |23.02.23 23:34|1|0|110
쇼핑&패션 정보|/mz/community-info/view/841420?p=10|어나더 오피스  23SS Santiago Slacks (Bamboo) |23.02.23 23:32|1|0|75
쇼핑&패션 정보|/mz/community-info/view/841418?p=10|살로몬 스포츠스타일  XT-윙스 2 - 블랙:블랙:마그넷 / L41085 |23.02.23 23:31|1|0|61
쇼핑&패션 정보|/mz/community-info/view/841417?p=10|3 / 3 배송 CALIK 로우 웨이스트 와이드 진 LIGHT |23.02.23 23:30|1|0|46
쇼핑&패션 정보|/mz/community-info/view/841416?p=10|인사일런스  백 디테일 울 트렌치 코트 BLACK |23.02.23 23:28|1|0|63
쇼핑&패션 정보|/mz/community-info/view/841415?p=10|아식스  젤-1090 - 피드몬트 그레이:타막 / 1203A241-020 |23.02.23 23:26|1|0|316
쇼핑&패션 정보|/mz/community-info/view/841414?p=10|에스피오나지  Miller Heavyweight Cardigan Burn |23.02.23 23:25|0|0|53
쇼핑&패션 정보|/mz/community-info/view/841412?p=10|웨스트 그랜드 블러바드  3 / 1 배송 히든 버튼 소프트 코튼 트러커  |23.02.23 23:22|1|0|43
쇼핑&패션 정보|/mz/community-info/view/841409?p=10|어나더 오피스  23SS Santiago Slacks (Black) |23.02.23 23:20|1|0|41
쇼핑&패션 정보|/mz/community-info/view/841408?p=10|3 / 28 배송 커브드 라인 울 블레이저 MOCHA |23.02.23 23:18|1|0|64
쇼핑&패션 정보|/mz/community-info/view/840087?p=10|에스피오나지  2 / 27 배송 Miller Knit Sweater Bu |23.02.21 00:41|1|0|26
쇼핑&패션 정보|/mz/community-info/view/877177?p=1|인사일런스 카치온 와이드팬츠 |23.05.10 17:13|0|1|323
쇼핑&패션 정보|/mz/community-info/view/876806?p=1|브랜디드할인 |23.05.09 19:47|0|1|345
쇼핑&패션 정보|/mz/community-info/view/876805?p=1|던스트할인 |23.05.09 19:46|0|1|203
쇼핑&패션 정보|/mz/community-info/view/866308?p=1|Slim Aim Ring 구매후기 |23.04.19 21:30|2|0|188
쇼핑&패션 정보|/mz/community-info/view/860914?p=1|질바이 질스튜어트 레더 미디움 케미백 |23.04.09 23:12|0|0|307
쇼핑&패션 정보|/mz/community-info/view/860912?p=1|질바이질스튜어트 리사이클 나일론 미디움 케미백 |23.04.09 23:10|1|0|231
쇼핑&패션 정보|/mz/community-info/view/860900?p=1|알파인더스트리 문랜딩 l-2b |23.04.09 22:47|0|0|166
쇼핑&패션 정보|/mz/community-info/view/860897?p=1|닥터마틴 1460 8홀 파스칼 프론트 집 블랙 나파 |23.04.09 22:45|0|0|229
쇼핑&패션 정보|/mz/community-info/view/860895?p=1|리 빅 트위치 루즈핏 후드 티셔츠 |23.04.09 22:42|1|0|240
쇼핑&패션 정보|/mz/community-info/view/860893?p=1|코드그라피 (우먼) 넥워머 크롭 에센셜 패딩_크림 |23.04.09 22:41|0|0|151
쇼핑&패션 정보|/mz/community-info/view/860892?p=1|코드그라피 밀리터리 아미 패딩점퍼 |23.04.09 22:39|0|0|139
쇼핑&패션 정보|/mz/community-info/view/860889?p=1|시티브리즈 링클프리 베이직셔츠 |23.04.09 22:37|0|0|232
쇼핑&패션 정보|/mz/community-info/view/860887?p=1|닥터마틴 2976 하이 w.집 |23.04.09 22:35|0|0|219
쇼핑&패션 정보|/mz/community-info/view/860885?p=1|밈더워드로브 크랙레더미니백 무신사 |23.04.09 22:33|0|0|109
쇼핑&패션 정보|/mz/community-info/view/852986?p=1|피치스킨 트윌 자켓 블랙 |23.03.23 09:49|1|2|123
쇼핑&패션 정보|/mz/community-info/view/852985?p=1|와이드 스웨트 조거 팬츠 그레이 |23.03.23 09:47|1|1|216
쇼핑&패션 정보|/mz/community-info/view/852984?p=1|아워 인피니엄 패딩베스트 블랙 |23.03.23 09:45|2|0|145
쇼핑&패션 정보|/mz/community-info/view/852983?p=1|오버사이즈드 3버튼 재킷 IN 블랙 |23.03.23 09:44|1|0|125
쇼핑&패션 정보|/mz/community-info/view/852982?p=1|플리스 카라리스 자켓 블랙 |23.03.23 09:43|1|0|172
쇼핑&패션 정보|/mz/community-info/view/852981?p=1|버핑레더 오버핏 블루종_Black |23.03.23 09:41|1|1|173
쇼핑&패션 정보|/mz/community-info/view/852979?p=1|미시간 울버린 피그먼트 반팔티 블랙 차콜 |23.03.23 09:40|1|0|165
쇼핑&패션 정보|/mz/community-info/view/852977?p=1|90S 트랙 스웨트셔츠_그레이 |23.03.23 09:38|1|0|99
쇼핑&패션 정보|/mz/community-info/view/852974?p=1|컷 헤비 피그먼트 티셔츠-차콜- |23.03.23 09:36|1|0|126
쇼핑&패션 정보|/mz/community-info/view/852970?p=1|캠브리지 세미 오버 블레이저 |23.03.23 09:34|2|0|113
쇼핑&패션 정보|/mz/community-info/view/852887?p=1|헤리티지 블레이저 시리즈 |23.03.22 20:40|1|0|163
쇼핑&패션 정보|/mz/community-info/view/852886?p=1|유스풀 벌룬 후드집업 그레이 SJHD1327 |23.03.22 20:38|2|0|222
쇼핑&패션 정보|/mz/community-info/view/852885?p=1|레이어드 슬리브리스 탑_일반 기장 [화이트] |23.03.22 20:36|2|0|157
쇼핑&패션 정보|/mz/community-info/view/852882?p=1|하이 벤트 레이어드 티셔츠 [WHITE] |23.03.22 20:34|1|0|88
쇼핑&패션 정보|/mz/community-info/view/852881?p=1|에센셜 시그니쳐 반집업 맨투맨_검정 |23.03.22 20:33|1|0|123
쇼핑&패션 정보|/mz/community-info/view/852880?p=1|비건 레더 오버핏 블루종 [블랙] |23.03.22 20:32|1|0|112
쇼핑&패션 정보|/mz/community-info/view/852878?p=2|크루넥 리브 니트 스웨터_스카이 블루 |23.03.22 20:30|1|0|63
쇼핑&패션 정보|/mz/community-info/view/852877?p=2|베츠 어센틱 맨투맨 버건디 |23.03.22 20:29|1|0|90
쇼핑&패션 정보|/mz/community-info/view/852876?p=2|스웨트셔츠 [블랙] |23.03.22 20:27|1|0|61
쇼핑&패션 정보|/mz/community-info/view/852872?p=2|에센셜 후드 스웻 셔츠 (MELANGE GREY) |23.03.22 20:25|1|0|73
쇼핑&패션 정보|/mz/community-info/view/852108?p=2|M-65 피시테일 코트 베이지 |23.03.20 18:46|1|0|110
쇼핑&패션 정보|/mz/community-info/view/852107?p=2|사계절 스트링 트레이닝팬츠 (그레이) |23.03.20 18:45|1|0|80
쇼핑&패션 정보|/mz/community-info/view/852106?p=2|플리스 카라리스 자켓 블랙 |23.03.20 18:43|1|0|61
쇼핑&패션 정보|/mz/community-info/view/852105?p=2|[SET] 스테디 라이트 아노락 3P 셋업 블랙 |23.03.20 18:42|1|0|59
쇼핑&패션 정보|/mz/community-info/view/852104?p=2|마일드 스탠다드 데님팬츠 - LIGHT BLUE |23.03.20 18:41|1|0|49
쇼핑&패션 정보|/mz/community-info/view/852103?p=2|오버사이즈 멜톤 콘보이 더플 코트 블랙 |23.03.20 18:39|1|0|70
쇼핑&패션 정보|/mz/community-info/view/852102?p=2|[23SS] LJS51102 다크네이비 세미오버핏 자수 레터링 가디건 |23.03.20 18:38|1|0|57
쇼핑&패션 정보|/mz/community-info/view/852101?p=2|에센셜 쿨 코튼 2-PACK 티셔츠 블랙 |23.03.20 18:37|1|0|45
쇼핑&패션 정보|/mz/community-info/view/852100?p=2|90S 트랙 스웨트셔츠_그레이 |23.03.20 18:34|1|0|69
쇼핑&패션 정보|/mz/community-info/view/852099?p=2|아메리칸 웨스턴 벨트 |23.03.20 18:33|1|0|45
쇼핑&패션 정보|/mz/community-info/view/851825?p=2|울 블렌디드 원턱 와이드 팬츠 [토피] |23.03.19 23:38|1|0|58
쇼핑&패션 정보|/mz/community-info/view/851824?p=2|오버핏 카라 레더 자켓_블랙 |23.03.19 23:36|1|0|49
쇼핑&패션 정보|/mz/community-info/view/851823?p=2|헤비오버핏 램스울 가디건 챠콜 |23.03.19 23:35|1|0|67
쇼핑&패션 정보|/mz/community-info/view/851822?p=2|에센셜 시그니쳐 반집업 맨투맨_검정 |23.03.19 23:34|1|0|59
쇼핑&패션 정보|/mz/community-info/view/851821?p=2|[SET] 퓨어 헤비 티셔츠 |23.03.19 23:33|1|0|30
쇼핑&패션 정보|/mz/community-info/view/851819?p=2|컷 헤비 피그먼트 티셔츠-차콜- |23.03.19 23:31|1|0|59
쇼핑&패션 정보|/mz/community-info/view/851816?p=2|올스타 웜업 네이비 KMMT6671 |23.03.19 23:30|1|0|36
쇼핑&패션 정보|/mz/community-info/view/851815?p=2|코튼 워셔블 하찌 하프집업 니트_5 COLOR |23.03.19 23:29|1|0|82
쇼핑&패션 정보|/mz/community-info/view/851813?p=2|심플 웨스턴 하드레더 벨트 |23.03.19 23:28|1|0|38
쇼핑&패션 정보|/mz/community-info/view/851811?p=2|클래식 스타일 그루밍 토닉 400ml |23.03.19 23:27|1|0|34
쇼핑&패션 정보|/mz/community-info/view/851268?p=2|[3PACK] 32수 라이트 코튼 반팔 티셔츠 |23.03.18 15:11|1|0|47
쇼핑&패션 정보|/mz/community-info/view/851267?p=2|오버핏 1988 스웨트 셔츠-네이비 |23.03.18 15:10|1|0|42
쇼핑&패션 정보|/mz/community-info/view/851266?p=2|베이식 피케 폴로 셔츠 [블랙] |23.03.18 15:08|1|0|53
쇼핑&패션 정보|/mz/community-info/view/851265?p=2|사계절 쓰리턱 트레이닝팬츠 (2color) |23.03.18 15:06|1|0|45
쇼핑&패션 정보|/mz/community-info/view/851264?p=2|더블턱 와이드 슬랙스[블랙] |23.03.18 15:05|1|0|113
쇼핑&패션 정보|/mz/community-info/view/851263?p=2|테디베어 앙고라 가디건 테디 베어 |23.03.18 15:02|1|0|50
쇼핑&패션 정보|/mz/community-info/view/851262?p=3|플랫 테리 오버사이즈 스트링 스웨트셔츠 [블랙] |23.03.18 15:01|1|0|55
쇼핑&패션 정보|/mz/community-info/view/851229?p=3|오디너리 크롭 가디건 클라우드 |23.03.18 13:34|1|0|37
쇼핑&패션 정보|/mz/community-info/view/851228?p=3|모어 댄 리얼 진청 와이드 팬츠 |23.03.18 13:32|1|0|49
쇼핑&패션 정보|/mz/community-info/view/851226?p=3|에센셜 쿨 코튼 2-PACK 티셔츠 블랙 |23.03.18 13:31|1|0|46
쇼핑&패션 정보|/mz/community-info/view/850956?p=3|2WAY 컴포트 블루종 자켓 (BLACK) |23.03.17 18:34|1|0|38
쇼핑&패션 정보|/mz/community-info/view/850955?p=3|2WAY 시그니처 블루종_아이보리 |23.03.17 18:30|1|0|39
쇼핑&패션 정보|/mz/community-info/view/850954?p=3|히든 스냅 칼라 카디건_블랙 |23.03.17 18:27|1|0|31
쇼핑&패션 정보|/mz/community-info/view/850952?p=3|모노톤 풀 집업 니트_올리브 |23.03.17 18:26|1|0|43
쇼핑&패션 정보|/mz/community-info/view/850951?p=3|글렌 체크 테이퍼드 히든 밴딩 크롭 슬랙스 [다크 베이지] |23.03.17 18:24|1|0|64
쇼핑&패션 정보|/mz/community-info/view/850950?p=3|밍크 퍼 하이넥 점퍼 그레이 |23.03.17 18:22|1|0|83
쇼핑&패션 정보|/mz/community-info/view/850949?p=3|프리미엄 오버핏 램스킨 베지터블 보머 자켓 |23.03.17 18:21|1|0|140
쇼핑&패션 정보|/mz/community-info/view/850948?p=3|모노톤 풀 집업 니트_네이비 |23.03.17 18:19|1|0|53
쇼핑&패션 정보|/mz/community-info/view/850947?p=3|글렌 체크 와이드 히든 밴딩 슬랙스 [미디엄 그레이] |23.03.17 18:18|1|0|79
쇼핑&패션 정보|/mz/community-info/view/850944?p=3|플랫 테리 오버사이즈 스웨트셔츠 [건메탈] |23.03.17 18:15|1|0|40
쇼핑&패션 정보|/mz/community-info/view/850624?p=3|플랫 테리 오버사이즈 스트링 스웨트셔츠 [블랙] |23.03.16 21:34|2|0|49
쇼핑&패션 정보|/mz/community-info/view/850622?p=3|MIL-LABEL POCKET S/S T-SHIRTS M그레이 |23.03.16 21:31|1|0|39
쇼핑&패션 정보|/mz/community-info/view/850572?p=3|드웨인 체크 세미 와이드 밴딩 슬랙스 |23.03.16 20:05|1|0|42
쇼핑&패션 정보|/mz/community-info/view/850554?p=3|51031 KURABO EMPTY SKY JEANS [WIDE STRAI |23.03.16 18:58|1|0|46
쇼핑&패션 정보|/mz/community-info/view/850546?p=3|버킹엄 체크 밴딩 슬랙스 브라운 |23.03.16 18:47|1|0|27
쇼핑&패션 정보|/mz/community-info/view/850538?p=3|오버핏 스모킹 블루종 램 레더 (블랙) |23.03.16 18:25|1|0|49
쇼핑&패션 정보|/mz/community-info/view/850537?p=3|130004 베이직 레더 벨트 |23.03.16 18:24|1|0|44
쇼핑&패션 정보|/mz/community-info/view/850536?p=3|오버핏 램스킨 블루종 자켓 |23.03.16 18:22|1|0|51
쇼핑&패션 정보|/mz/community-info/view/850534?p=3|사피아노 신세틱 레더 벨트 |23.03.16 18:19|1|0|73
쇼핑&패션 정보|/mz/community-info/view/850533?p=3|캠브리지 세미 오버 블레이저 |23.03.16 18:18|1|0|38
쇼핑&패션 정보|/mz/community-info/view/850180?p=3|헤리티지 블레이저 시리즈 |23.03.15 18:30|1|0|56
쇼핑&패션 정보|/mz/community-info/view/850179?p=3|[패키지] 더블코튼 무지반팔 패키지 KHST1011 |23.03.15 18:28|1|0|59
쇼핑&패션 정보|/mz/community-info/view/850178?p=3|빅 어워드 스타디움 울 바시티자켓 다크네이비 |23.03.15 18:26|1|0|46
쇼핑&패션 정보|/mz/community-info/view/850177?p=3|원턱 와이드 스웨트팬츠 그레이 |23.03.15 18:24|1|0|52
쇼핑&패션 정보|/mz/community-info/view/850175?p=3|우먼스 스몰라쿠 와이드팬츠(네이비) |23.03.15 18:22|1|0|43
쇼핑&패션 정보|/mz/community-info/view/850174?p=3|하프 집업 리브 니트 탑_그레이 |23.03.15 18:21|1|0|67
쇼핑&패션 정보|/mz/community-info/view/850173?p=4|[브로치] 소프트코튼 라인 브이넥 니트 _ 블랙 |23.03.15 18:19|1|0|47
쇼핑&패션 정보|/mz/community-info/view/850172?p=4|엔젤 클래식 브이넥 니트 아이보리 |23.03.15 18:17|1|0|40
쇼핑&패션 정보|/mz/community-info/view/850169?p=4|워셔블 하프 집업 카라넥 하찌 니트 |23.03.15 18:16|1|0|70
쇼핑&패션 정보|/mz/community-info/view/850168?p=4|DRILL BAG |23.03.15 18:14|1|0|34
쇼핑&패션 정보|/mz/community-info/view/849754?p=4|나일론 워셔 자켓_차콜 |23.03.14 18:18|1|0|52
쇼핑&패션 정보|/mz/community-info/view/849750?p=4|컴피 워셔 후드 숏 자켓_라이트그레이 |23.03.14 18:17|1|0|47
쇼핑&패션 정보|/mz/community-info/view/849749?p=4|파라슈트 와이드 데님팬츠 [크림] |23.03.14 18:15|1|0|36
쇼핑&패션 정보|/mz/community-info/view/849747?p=4|오버핏 싱글 맥코트_ |23.03.14 18:13|1|0|81
쇼핑&패션 정보|/mz/community-info/view/849746?p=4|SPACE302 (NIGHT BLACK) |23.03.14 18:12|1|0|41
쇼핑&패션 정보|/mz/community-info/view/849745?p=4|베이직 코튼 투웨이 블루종 [블랙] |23.03.14 18:10|1|0|55
쇼핑&패션 정보|/mz/community-info/view/849743?p=4|솔라로 블루종 브라운 |23.03.14 18:09|1|0|63
쇼핑&패션 정보|/mz/community-info/view/849742?p=4|모어 라이닝 스웨트-쇼츠 블랙 |23.03.14 18:07|1|0|40
쇼핑&패션 정보|/mz/community-info/view/849741?p=4|로얄 플래그 스윙탑 자켓 (베이지) |23.03.14 18:06|1|0|46
쇼핑&패션 정보|/mz/community-info/view/849740?p=4|투턱 와이드 데님팬츠 [그라파이트] |23.03.14 18:04|1|0|46
쇼핑&패션 정보|/mz/community-info/view/849652?p=4|운동여신 이토끼님의 찐 추천템 콜카 밸런스 220 역도화! |23.03.14 14:26|0|0|319
쇼핑&패션 정보|/mz/community-info/view/849071?p=4|울 오버핏 라운드 니트 - 베이지 |23.03.13 12:05|1|0|46
쇼핑&패션 정보|/mz/community-info/view/849068?p=4|[니티드X깡스타일리스트] 코튼 미니멀 라운드 니트 GREEN |23.03.13 12:03|1|0|81
쇼핑&패션 정보|/mz/community-info/view/849067?p=4|비건 레더 헌팅 자켓 블랙 |23.03.13 12:02|1|0|64
쇼핑&패션 정보|/mz/community-info/view/849066?p=4|레이어드 크루 넥 반팔 티셔츠_일반 기장 [블랙] |23.03.13 12:01|1|0|64
쇼핑&패션 정보|/mz/community-info/view/849064?p=4|모헤어 울 하찌 라운드 니트 _4 COLOR |23.03.13 11:59|1|0|53
쇼핑&패션 정보|/mz/community-info/view/849062?p=4|오버핏 소프트 레글런 스웨터 니트 핑크 |23.03.13 11:57|1|0|38
쇼핑&패션 정보|/mz/community-info/view/849061?p=4|다트 포인트 오픈칼라 셔츠 BROWN |23.03.13 11:56|1|0|37
쇼핑&패션 정보|/mz/community-info/view/849059?p=4|PLMT 아트피셜 자켓(블랙) |23.03.13 11:55|1|0|53
쇼핑&패션 정보|/mz/community-info/view/849058?p=4|베켄바우어 트랙탑 - 블랙 / IA4778 |23.03.13 11:53|2|0|93
쇼핑&패션 정보|/mz/community-info/view/849056?p=4|젤-1090 - 버치:버치 / 1203A159-200 |23.03.13 11:52|1|0|38
쇼핑&패션 정보|/mz/community-info/view/848688?p=4|우영미 깃털 티셔츠 |23.03.12 15:43|0|0|168
쇼핑&패션 정보|/mz/community-info/view/848687?p=4|써네이 후드티 그레이 |23.03.12 15:42|0|0|69
쇼핑&패션 정보|/mz/community-info/view/848685?p=4|스투시 다이스 티셔츠 |23.03.12 15:36|0|0|125
쇼핑&패션 정보|/mz/community-info/view/848684?p=4|뮬라 오버핏 반발티 1 1 1 |23.03.12 15:35|0|0|58
쇼핑&패션 정보|/mz/community-info/view/848557?p=4|릴렉스 핏 크루 넥 반팔 티셔츠 [화이트] |23.03.12 08:51|1|0|53
